{
    "properties": {
        "cameras": [
            {
                "location": {
                    "x": 0.0,
                    "y": -8.0,
                    "z": 1.5
                },
                "gaze_vector": {
                    "x": 0.0,
                    "y": 1.0,
                    "z": 4.371138828673793e-08
                },
                "up_vector": {
                    "x": 0.0,
                    "y": -4.371138828673793e-08,
                    "z": 1.0
                },
                "aperture": 1.0,
                "focal_distance": 7.000012397766113,
                "focal_length": 50.0,
                "sensor": {
                    "width": 36.0,
                    "height": 24.0
                },
                "film_resolution": {
                    "width": 1920,
                    "height": 1080
                }
            }
        ],
        "point_lights": [
            {
                "location": {
                    "x": 4.076245307922363,
                    "y": 1.0054539442062378,
                    "z": 5.903861999511719
                },
                "radiant_intensity": 1000.0
            }
        ],
        "spheres": [
            {
                "start_location": {
                    "x": 2.0,
                    "y": 18.0,
                    "z": 3.0
                },
                "end_location": {
                    "x": 2.0,
                    "y": 18.0,
                    "z": 3.0
                },
                "radius": 1.0,
                "material": {
                    "diffuse": {
                        "r": 0.0,
                        "g": 0.027316054329276085,
                        "b": 0.8002911806106567
                    },
                    "specular": {
                        "r": 0.3,
                        "g": 0.3,
                        "b": 0.3
                    },
                    "shininess": 115.19999980926514,
                    "transparency": 0.0,
                    "ior": 1.5,
                    "texture": null
                }
            }
        ],
        "cubes": [
            {
                "start_location": {
                    "x": 0.0,
                    "y": 0.0,
                    "z": 0.0
                },
                "end_location": {
                    "x": 0.0,
                    "y": 0.0,
                    "z": 5.0
                },
                "rotation": {
                    "x": 0.0,
                    "y": 0.40142571926116943,
                    "z": 0.0
                },
                "scale": 1.0,
                "material": {
                    "diffuse": {
                        "r": 0.8001724481582642,
                        "g": 0.001313122920691967,
                        "b": 0.0
                    },
                    "specular": {
                        "r": 0.3,
                        "g": 0.3,
                        "b": 0.3
                    },
                    "shininess": 64.0,
                    "transparency": 0.0,
                    "ior": 1.4500000476837158,
                    "texture": null
                }
            }
        ],
        "planes": [
            {
                "corners": [
                    {
                        "x": -5.0,
                        "y": -5.0,
                        "z": 0.0
                    },
                    {
                        "x": 5.0,
                        "y": -5.0,
                        "z": 0.0
                    },
                    {
                        "x": -5.0,
                        "y": 5.0,
                        "z": 0.0
                    },
                    {
                        "x": 5.0,
                        "y": 5.0,
                        "z": 0.0
                    }
                ],
                "material": {
                    "diffuse": {
                        "r": 0.0,
                        "g": 0.12389342486858368,
                        "b": 0.002572941593825817
                    },
                    "specular": {
                        "r": 0.3,
                        "g": 0.3,
                        "b": 0.3
                    },
                    "shininess": 64.0,
                    "transparency": 0.0,
                    "ior": 1.5,
                    "texture": null
                }
            }
        ]
    }
}