{
    "properties": {
        "cameras": [
            {
                "location": {
                    "x": 9.0,
                    "y": -8.0,
                    "z": 8.0
                },
                "gaze_vector": {
                    "x": -0.6515582203865051,
                    "y": 0.6141703724861145,
                    "z": -0.44527140259742737
                },
                "up_vector": {
                    "x": -0.32401347160339355,
                    "y": 0.305420845746994,
                    "z": 0.8953956365585327
                },
                "focal_length": 50.0,
                "sensor": {
                    "width": 36.0,
                    "height": 24.0
                },
                "film_resolution": {
                    "width": 1920,
                    "height": 1080
                }
            }
        ],
        "point_lights": [
            {
                "location": {
                    "x": 5.0,
                    "y": 0.0,
                    "z": 5.0
                },
                "radiant_intensity": 1000.0
            }
        ],
        "spheres": [
            {
                "location": {
                    "x": 3.079681873321533,
                    "y": 4.457684516906738,
                    "z": 0.31715214252471924
                },
                "radius": 1.0,
                "material": {
                    "diffuse": {
                        "r": 0.0,
                        "g": 0.0014553972287103534,
                        "b": 0.8002356290817261
                    },
                    "specular": {
                        "r": 1.0,
                        "g": 1.0,
                        "b": 1.0
                    },
                    "shininess": 64.0,
                    "transparency": 0.0,
                    "ior": 1.5,
                    "texture": null
                }
            }
        ],
        "cubes": [
            {
                "translation": {
                    "x": 0.0,
                    "y": 0.0,
                    "z": 1.0
                },
                "rotation": {
                    "x": 0.0,
                    "y": 0.0,
                    "z": 0.0
                },
                "scale": 1.0,
                "material": {
                    "diffuse": {
                        "r": 0.800000011920929,
                        "g": 0.800000011920929,
                        "b": 0.800000011920929
                    },
                    "specular": {
                        "r": 1.0,
                        "g": 1.0,
                        "b": 1.0
                    },
                    "shininess": 64.0,
                    "transparency": 0.0,
                    "ior": 1.5,
                    "texture": "checkerboard.ppm"
                }
            }
        ],
        "planes": [
            {
                "corners": [
                    {
                        "x": -20.0,
                        "y": -20.0,
                        "z": 0.0
                    },
                    {
                        "x": 20.0,
                        "y": -20.0,
                        "z": 0.0
                    },
                    {
                        "x": -20.0,
                        "y": 20.0,
                        "z": 0.0
                    },
                    {
                        "x": 20.0,
                        "y": 20.0,
                        "z": 0.0
                    }
                ],
                "material": {
                    "diffuse": {
                        "r": 0.16439057886600494,
                        "g": 0.16439057886600494,
                        "b": 0.16439057886600494
                    },
                    "specular": {
                        "r": 1.0,
                        "g": 1.0,
                        "b": 1.0
                    },
                    "shininess": 24.888885498046875,
                    "transparency": 0.0,
                    "ior": 1.5,
                    "texture": "checkerboard.ppm"
                }
            }
        ]
    }
}