{
    "properties": {
        "cameras": [
            {
                "location": {
                    "x": -2.0,
                    "y": -2.0,
                    "z": 2.0
                },
                "gaze_vector": {
                    "x": 0.6337829828262329,
                    "y": 0.5901857018470764,
                    "z": -0.4999999701976776
                },
                "up_vector": {
                    "x": 0.3659147322177887,
                    "y": 0.34074386954307556,
                    "z": 0.866025447845459
                },
                "focal_length": 50.0,
                "sensor": {
                    "width": 36.0,
                    "height": 24.0
                },
                "film_resolution": {
                    "width": 1920,
                    "height": 1080
                }
            }
        ],
        "point_lights": [],
        "spheres": [
            {
                "location": {
                    "x": 3.3497776985168457,
                    "y": -2.8796722888946533,
                    "z": 0.7885708808898926
                },
                "radius": 1.0
            }
        ],
        "cubes": [
            {
                "translation": {
                    "x": -2.2069411277770996,
                    "y": 2.7509500980377197,
                    "z": 0.8490856289863586
                },
                "rotation": {
                    "x": 0.0,
                    "y": 0.0,
                    "z": 0.0
                },
                "scale": 1.0
            },
            {
                "translation": {
                    "x": -0.019941866397857666,
                    "y": 2.13273286819458,
                    "z": 3.9057908058166504
                },
                "rotation": {
                    "x": 0.0,
                    "y": 0.0,
                    "z": 0.0
                },
                "scale": 1.0
            },
            {
                "translation": {
                    "x": 1.0200257301330566,
                    "y": -1.1009910106658936,
                    "z": -0.07718658447265625
                },
                "rotation": {
                    "x": 0.0,
                    "y": 0.0,
                    "z": 0.0
                },
                "scale": 1.0
            },
            {
                "translation": {
                    "x": 2.667664051055908,
                    "y": -0.9337131977081299,
                    "z": 3.3963382244110107
                },
                "rotation": {
                    "x": 0.0,
                    "y": 0.0,
                    "z": 0.0
                },
                "scale": 1.0
            },
            {
                "translation": {
                    "x": -1.639477252960205,
                    "y": 0.25166869163513184,
                    "z": 0.10520505905151367
                },
                "rotation": {
                    "x": 0.0,
                    "y": 0.0,
                    "z": 0.0
                },
                "scale": 1.0
            },
            {
                "translation": {
                    "x": -1.4748616218566895,
                    "y": 4.614327430725098,
                    "z": 3.459411144256592
                },
                "rotation": {
                    "x": 0.0,
                    "y": 0.0,
                    "z": 0.0
                },
                "scale": 1.0
            },
            {
                "translation": {
                    "x": 1.0891518592834473,
                    "y": -4.0856733322143555,
                    "z": 1.9175567626953125
                },
                "rotation": {
                    "x": 0.0,
                    "y": 0.0,
                    "z": 0.0
                },
                "scale": 1.0
            },
            {
                "translation": {
                    "x": -1.4748616218566895,
                    "y": 4.614327430725098,
                    "z": 3.459411144256592
                },
                "rotation": {
                    "x": 0.0,
                    "y": 0.0,
                    "z": 0.0
                },
                "scale": 1.0
            },
            {
                "translation": {
                    "x": -1.4748616218566895,
                    "y": 4.614327430725098,
                    "z": 3.459411144256592
                },
                "rotation": {
                    "x": 0.0,
                    "y": 0.0,
                    "z": 0.0
                },
                "scale": 1.0
            },
            {
                "translation": {
                    "x": -1.4748616218566895,
                    "y": 4.614327430725098,
                    "z": 3.459411144256592
                },
                "rotation": {
                    "x": 0.0,
                    "y": 0.0,
                    "z": 0.0
                },
                "scale": 1.0
            },
            {
                "translation": {
                    "x": -1.4748616218566895,
                    "y": 4.614327430725098,
                    "z": 3.459411144256592
                },
                "rotation": {
                    "x": 0.0,
                    "y": 0.0,
                    "z": 0.0
                },
                "scale": 1.0
            },
            {
                "translation": {
                    "x": -1.4748616218566895,
                    "y": 4.614327430725098,
                    "z": 3.459411144256592
                },
                "rotation": {
                    "x": 0.0,
                    "y": 0.0,
                    "z": 0.0
                },
                "scale": 1.0
            },
            {
                "translation": {
                    "x": -1.4748616218566895,
                    "y": 4.614327430725098,
                    "z": 3.459411144256592
                },
                "rotation": {
                    "x": 0.0,
                    "y": 0.0,
                    "z": 0.0
                },
                "scale": 1.0
            },
            {
                "translation": {
                    "x": -1.4748616218566895,
                    "y": 4.614327430725098,
                    "z": 3.459411144256592
                },
                "rotation": {
                    "x": 0.0,
                    "y": 0.0,
                    "z": 0.0
                },
                "scale": 1.0
            }
        ],
        "planes": []
    }
}