{
    "properties": {
        "cameras": [
            {
                "location": {
                    "x": 10.0,
                    "y": -10.0,
                    "z": 8.0
                },
                "gaze_vector": {
                    "x": -0.6556180119514465,
                    "y": 0.6556179523468018,
                    "z": -0.3746066391468048
                },
                "up_vector": {
                    "x": -0.26488688588142395,
                    "y": 0.26488688588142395,
                    "z": 0.9271838665008545
                },
                "aperture": 0.5,
                "focal_distance": 10.75083065032959,
                "focal_length": 50.0,
                "sensor": {
                    "width": 36.0,
                    "height": 24.0
                },
                "film_resolution": {
                    "width": 1920,
                    "height": 1080
                }
            }
        ],
        "point_lights": [
            {
                "location": {
                    "x": -8.0,
                    "y": 8.0,
                    "z": 8.0
                },
                "radiant_intensity": 1000.0
            }
        ],
        "spheres": [
            {
                "start_location": {
                    "x": 3.0,
                    "y": 3.0,
                    "z": 0.5
                },
                "end_location": {
                    "x": 3.0,
                    "y": 3.0,
                    "z": 0.5
                },
                "radius": 1.0,
                "material": {
                    "diffuse": {
                        "r": 0.0,
                        "g": 0.0014553972287103534,
                        "b": 0.8002356290817261
                    },
                    "specular": {
                        "r": 0.3,
                        "g": 0.3,
                        "b": 0.3
                    },
                    "shininess": 115.19999980926514,
                    "transparency": 0.0,
                    "ior": 1.5,
                    "texture": null
                }
            }
        ],
        "cubes": [
            {
                "start_location": {
                    "x": 1.0,
                    "y": -1.0,
                    "z": 1.0
                },
                "end_location": {
                    "x": 1.0,
                    "y": 2.0,
                    "z": 1.0
                },
                "rotation": {
                    "x": 0.0,
                    "y": 0.0,
                    "z": 0.0
                },
                "scale": 1.0,
                "material": {
                    "diffuse": {
                        "r": 0.8005832433700562,
                        "g": 0.0,
                        "b": 0.003695405088365078
                    },
                    "specular": {
                        "r": 0.3,
                        "g": 0.3,
                        "b": 0.3
                    },
                    "shininess": 64.0,
                    "transparency": 0.0,
                    "ior": 1.5,
                    "texture": null
                }
            }
        ],
        "planes": [
            {
                "corners": [
                    {
                        "x": -20.0,
                        "y": -20.0,
                        "z": 0.0
                    },
                    {
                        "x": 20.0,
                        "y": -20.0,
                        "z": 0.0
                    },
                    {
                        "x": -20.0,
                        "y": 20.0,
                        "z": 0.0
                    },
                    {
                        "x": 20.0,
                        "y": 20.0,
                        "z": 0.0
                    }
                ],
                "material": {
                    "diffuse": {
                        "r": 0.16439057886600494,
                        "g": 0.16439057886600494,
                        "b": 0.16439057886600494
                    },
                    "specular": {
                        "r": 0.3,
                        "g": 0.3,
                        "b": 0.3
                    },
                    "shininess": 1.279998779296875,
                    "transparency": 0.0,
                    "ior": 1.5,
                    "texture": null
                }
            }
        ]
    }
}